site,Slot 00,Slot 01,Slot 02,Slot 03,Slot 04,Slot 05
PEO0002-PEO0010,UBBPg3b,UBBPg3a,UBBPg3a,,UBBPg3b,
PEO0001,,,UBBPg3b,,UBBPg3b,
SMU0001-SMU0006-SMU0005,UBBPg3a,,UBBPg3b,,UBBPg3b,
PFR0001-PFR0006,UBBPg2c,,UBBPg3b,,UBBPg3b,
PFR0002-PFR0005,UBBPg2c,,UBBPg3b,,UBBPg3b,
PFR0003,,,,,UBBPg3b,
LNT0002,,,UBBPg2a,,UBBPg3b,
LNT0004,,,,,UBBPg3b,
LNT0003,,,,,UBBPg3b,
LNT0001,,,UBBPg3b,,UBBPg3b,
JGE0003-JGE0001-JGE0002,UBBPg3a,,UBBPg3a,,UBBPg3b,
QXA0003,,,,,UBBPg3b,
VAVR0001,,,UBBPg3b,,UBBPg3b,
ICA0001,,,,,UBBPg3b,
RUS0002,,,,,UBBPg3b,
RUS0004,,,,,UBBPg3b,
RUS0001-RUS0013,,,UBBPg2c,,UBBPg3b,
DRV0001,,,,,UBBPg3b,
CJA0001,,,,,UBBPg3b,
JNE0020,,,UBBPg2a,,UBBPg3b,
JNE0014,,,UBBPg2a,,UBBPg3a,
JNE0018,,,UBBPg2c,,UBBPg3b,
ICO0001,,,UBBPg3b,,UBBPg3b,
JNE0006,,,,,UBBPg3b,
ACR0001,,,,,UBBPg3b,
MVA0001,,,,,UBBPg3b,
QXM0004,,,,,UBBPg3b,
QXM0005,,,,,UBBPg3a,
TNT0001-TNT0007,UBBPg2c,,,,UBBPg3b,
JNE0022,,,UBBPg2a,,UBBPg3b,
IOP0004,,,UBBPg2a,,UBBPg3b,
IOP0003,,,,,UBBPg3b,
QXA0002,,,,,UBBPg3b,
IOP0002,,,,,UBBPg3a,
JNE0019,,,UBBPg3b,,UBBPg3b,
QXM0001-QXM0010-QXM0009,,,UBBPg2c,,UBBPg3b,
ACR0002,,,,,UBBPg3b,
HZT0001,,,,,UBBPg3b,
HZT0002,,,UBBPg3b,,UBBPg3b,
HZT0004,,,UBBPg3b,,UBBPg3b,
JNE0002,,,UBBPg2a,,UBBPg3b,
PEO0015,,,,,UBBPg3b,
QXM0002,,,,,UBBPg3a,
JNE0031,,,,,UBBPg3b,
IOP0005,,,UBBPg2a,,UBBPg3b,
JNE0028,,,UBBPg3b,,UBBPg3b,
PJS0003,,,,,UBBPg3b,
PJS0004,,,,,UBBPg3a,
PJS0005,,,,,UBBPg3b,
HZT0003,,,UBBPg2a,,UBBPg3b,
HZT0005,,,,,UBBPg3b,
MCW0012,,,,,UBBPg3a,
JNE0004,,,UBBPg2a,,UBBPg3b,
MCW0014,,,UBBPg2a,,UBBPg3b,
MCW0009,,,UBBPg2a,,UBBPg3b,
BBH0002,,,UBBPg3b,,UBBPg3b,
BBH0001,,,UBBPg2a,,UBBPg3b,
IOP0006,,,,,UBBPg3b,
BBH0003,,,UBBPg2a,,UBBPg3b,
CTO0003,,,,,UBBPg3b,
JNE0011,,,UBBPg3b,,UBBPg3b,
JNE0005,,,,,UBBPg3b,
IOP0001,,,UBBPg2a,,UBBPg3b,
CTO0010,,,,,UBBPg2c,
CTO0006,,,,,UBBPg3b,
CTO0005,,,,,UBBPg3b,
JNE0013,,,,,UBBPg3b,
JNE0026,,,,,UBBPg3b,
CIE0004,,,,,UBBPg3b,
CIE0003,,,,,UBBPg3b,
CTO0011,,,,,UBBPg3b,
CTO0012,,,,,UBBPg3b,
CIE0002,,,,,UBBPg3b,
JNE0016,,,,,UBBPg3b,
MCW0018,,,,,UBBPg3b,
JNE0025,,,,,UBBPg3b,
MCW0002,,,UBBPg2a,,UBBPg3b,
CTO0013,,,,,UBBPg3b,
CTO0004,,,,,UBBPg3b,
JNE0024,,,,,UBBPg3b,
JNE0027,,,,,UBBPg3b,
JNE0030,,,,,UBBPg3b,
JNE0023,,,UBBPg2a,,UBBPg3b,
QXA0001-QXA0012,,,UBBPg3b,,UBBPg3a,
BBH0004,,,,,UBBPg3b,
JNE0007,,,UBBPg3b,,UBBPg3b,
JNE0012,,,UBBPg2a,,UBBPg3b,
CTO0002,,,UBBPg3b,,UBBPg3b,
CTO0008,,,,,UBBPg3b,
CTO0009,,,UBBPg2c,,UBBPg3b,
CTO0007,,,UBBPg2c,,UBBPg3b,
CTO0014,,,,,UBBPg3b,
JNE0009,,,UBBPg2a,,UBBPg3b,
ICO0002-ICO0014-ICO0015,UBBPg2c,,UBBPg2c,,UBBPg3a,
JNE0032,,,,,UBBPg3b,
JNE0017,,,,,UBBPg3b,
PTZ0001,,,UBBPg2c,,UBBPg3b,
PWB0001,,,UBBPg3b,,UBBPg3b,
QXM0003,,,,,UBBPg3b,
MCW0005,,,UBBPg2a,,UBBPg3b,
CUC0011,,,,,UBBPg3b,
JNE0008,,,UBBPg2a,,UBBPg3b,
IAU0004,,,UBBPg2a,,UBBPg3b,
IAU0006,,,,,UBBPg3b,
CUC0014,,,UBBPg2c,,UBBPg3b,
JNE0021,,,,,UBBPg3b,
JNE0029,,,,,UBBPg3b,
IAU0001-IAU0020,,,UBBPg2c,,UBBPg3a,
IAU0003,,,,,UBBPg3b,
MCW0019,,,,,UBBPg3b,
MCW0017,,,,,UBBPg3b,
CUC0016,,,UBBPg2c,,UBBPg3b,
CUC0030,,,UBBPg2c,,UBBPg3b,
IAU0007,,,,,UBBPg3a,
MUE0001,,,,,UBBPg3a,
IAU0005-IAU0019,,,UBBPg2a,,UBBPg3a,
PDB0001,,,UBBPg2a,,UBBPg3b,
CUC0015,,,,,UBBPg3b,
JAG0001,,,,,UBBPg3b,
MVA0004,,,UBBPg2a,,UBBPg3b,
IAU0002,,,UBBPg2a,,UBBPg3b,
MUE0004,,,,,UBBPg3a,
ECT0002-ECT0001,UBBPg3b,,UBBPg2c,,UBBPg3b,
MUE0005,,,,,UBBPg3b,
ESB0004,,,,,UBBPg3b,
MCW0020,,,,,UBBPg3b,
BIU0001,,,UBBPg2c,,UBBPg3b,
CYS0001,,,,,UBBPg3b,
MUE0002,,,,,UBBPg3a,
MUE0006,,,,,UBBPg3b,
IPU0002,,,,,UBBPg3b,
IPU0001,,,UBBPg2a,,UBBPg3b,
ESB0006,,,,,UBBPg3b,
JNE0033,,,UBBPg2c,,UBBPg3b,
BVG0002,,,,,UBBPg3b,
BVG0001,,,UBBPg3b,,UBBPg3b,
QXA0004,,,,,UBBPg3b,
JAS0001,,,UBBPg2c,,UBBPg3b,
JAS0002,,,,,UBBPg2c,
CUC0021,,,,,UBBPg3b,
CUC0009,,,UBBPg2c,,UBBPg3b,
CUC0020,,,UBBPg2c,,UBBPg3b,
CUC0004,,,,,UBBPg3b,
CUC0005,,,UBBPg2c,,UBBPg3b,
CUC0017,,,,,UBBPg3b,
CUC0003,,,,,UBBPg3b,
CUC0001,,,UBBPg2c,,UBBPg3b,
CUC0002,,,UBBPg2c,,UBBPg3b,
CUC0024,,,UBBPg2c,,UBBPg3b,
CUC0022,,,,,UBBPg3b,
CUC0023,,,UBBPg2a,,UBBPg3b,
CUC0019,,,,,UBBPg3a,
MCW0008,,,,,UBBPg3b,
MCW0013,,,UBBPg3a,,UBBPg3b,
MCW0021,,,UBBPg2a,,UBBPg3b,
MCW0007,,,UBBPg2c,,UBBPg3b,
MCW0003,,,,,UBBPg3b,
MCW0015,,,UBBPg2a,,UBBPg3b,
FLA0005,,,,,UBBPg3b,
CUC0018,,,,,UBBPg3b,
PQT0001,,,UBBPg2c,,UBBPg3b,
SMU0004,UBBPg2a,,UBBPg2c,,UBBPg3b,
FLA0008,,,,,UBBPg3b,
MCW0006,,,UBBPg2a,,UBBPg3b,
FLA0038,,,,,UBBPg3b,
FLA0018,,,,,UBBPg3b,
FLA0120,,,,,UBBPg3b,
FLA0125,,,UBBPg2c,,UBBPg3b,
FLA0161,,,,,UBBPg3b,
MCW0004,,,,,UBBPg3b,
FLA0164,,,UBBPg2c,,UBBPg3b,
SPM0002,,,UBBPg2c,,UBBPg3b,
FLA0035,,,,,UBBPg3b,
CUC0027,,,,,UBBPg3b,
FLA0011,,,,,UBBPg3b,
FLA0019,,,,,UBBPg3b,
CUC0012,,,,,UBBPg3b,
FLA0189,,,UBBPg2a,,UBBPg3b,
FLA0193-FLA0246,,,UBBPg3a,,UBBPg3b,
FLA0015,,,UBBPg3a,,UBBPg3b,
UBJ0001,,,UBBPg2c,,UBBPg3b,
FLA0213,,,,,UBBPg3b,
FLA0123,,,,,UBBPg3a,
FLA0230,,,,,UBBPg3a,
CUC0010,,,,,UBBPg3b,
FLA0080,,,,,UBBPg3b,
FLA0001,,,,,UBBPg3b,
FLA0184,UBBPg3b,,UBBPg3b,,UBBPg3b,
FLA0191,,,,,UBBPg3b,
FLA0016,,,,,UBBPg3a,
FLA0017,,,,,UBBPg3b,
CUC0025,,,,,UBBPg3b,
FLA0010,,,,,UBBPg3b,
FLA0013,,,,,UBBPg3b,
FLA0215,,,,,UBBPg3b,
FLA0192,,,,,UBBPg3b,
CUC0026,,,,,UBBPg3b,
CUC0006,,,,,UBBPg3b,
CUC0007,,,,,UBBPg3b,
FLA0012,,,,,UBBPg3a,
FLA0206,,,,,UBBPg3b,
MCW0011,,,,,UBBPg3b,
LVM0001,,,,,UBBPg3b,
FLA0128,,,,,UBBPg3b,
FLA0198,,,,,UBBPg3b,
FLA0208,,,,,UBBPg3b,
FLA0071,,,,,UBBPg3b,
MBC0002,,,,,UBBPg2c,
FLA0205,,,,,UBBPg3b,
JAT0001,,,,,UBBPg2c,
ATO0001,,,,,UBBPg3b,
FLA0203,,,UBBPg2c,,UBBPg3b,
JGE0006,,,,,UBBPg2c,
CUC0029,,,,,UBBPg3b,
MBC0001,,,,,UBBPg3b,
MGS0001,,,,,UBBPg3b,
PEO0003,,,UBBPg3b,,UBBPg2c,
MCV0001,,,,,UBBPg3b,
SPM0001,,,UBBPg2c,,UBBPg3b,
ESB0008,,,,,UBBPg3b,
CVL0006,,,,,UBBPg3b,
CVL0001,,,,,UBBPg3b,
PDJ0001,,,,,UBBPg3b,
QXA0005,,,,,UBBPg3b,
BJS0002,,,UBBPg2a,,UBBPg3b,
CVL0007,,,,,UBBPg3b,
BJS0001,,,UBBPg3b,,UBBPg3b,
CED0002,,,,,UBBPg3b,
PWB0004,,,,,UBBPg2c,
FLA0178,,,,,UBBPg3b,
FLA0029,,,,,UBBPg3b,
PFT0001,,,UBBPg2c,,UBBPg3b,
IGE0001,,,,,UBBPg3b,
AGV0001,,,UBBPg2c,,UBBPg2c,
IGE0002,,,,,UBBPg3b,
PWB0006,,,,,UBBPg2c,
FLA0127,,,,,UBBPg3b,
SFT0001,,,,,UBBPg2c,
FLA0166,,,,,UBBPg3b,
CUC0033,,,,,UBBPg3b,
JGE0005,,,UBBPg3b,,UBBPg2c,
PUB0003,,,,,UBBPg3b,
PWB0003,,,,,UBBPg2c,
SRU0001,,,UBBPg2c,,UBBPg3b,
BAO0001,,,,,UBBPg3b,
FLA0224,,,UBBPg2c,,UBBPg3b,
RFL0001,,,UBBPg2c,,UBBPg3b,
MCW0016,,,,,UBBPg3b,
DPIP0001,,,,,UBBPg2c,
DRV0002,,,UBBPg3b,,UBBPg2c,
ANE0001,,,UBBPg2c,,UBBPg3b,
NRU0002,,,UBBPg3b,,UBBPg3a,
ANY0001,,,,,UBBPg3b,
PWB0005,,,,,UBBPg2c,
MVA0002-MVA0012,,,UBBPg2c,,UBBPg3a,
IAU0008,,,UBBPg3b,,UBBPg2c,
FLA0190,,,,,UBBPg3b,
TIG0003,,,UBBPg2c,,UBBPg3b,
TIG0004,,,,,UBBPg3b,
PWB0002,,,,,UBBPg2c,
TUA0003,,,,,UBBPg3b,
TUA0002,,,,,UBBPg3b,
NRU0001,,,,,UBBPg3a,
FLA0243,,,,,UBBPg3b,
QXO0001,,,,,UBBPg3b,
OOS0002,,,,,UBBPg3b,
INX0001,,,UBBPg2c,,UBBPg3b,
AQZ0004,,,,,UBBPg3b,
AQZ0008,,,,,UBBPg3b,
AQZ0010,,,UBBPg2c,,UBBPg3b,
UMI0001,,,,,UBBPg2c,
AQZ0006,,,,,UBBPg3b,
FLA0116,,,,,UBBPg3b,
IOP0007,,,UBBPg2c,,UBBPg3b,
CCV0001,,,,,UBBPg2c,
SBN0001,,,,,UBBPg3b,
CTS0004,,,,,UBBPg3b,
FLA0151,,,,,UBBPg3a,
JNE0015,,,,,UBBPg3b,
FLA0050,,,,,UBBPg3b,
FLA0056,,,,,UBBPg3b,
FLA0152,,,,,UBBPg3a,
CTS0002,,,,,UBBPg3b,
FLA0227,,,,,UBBPg3b,
FLA0204,,,,,UBBPg3a,
FLA0186,,,,,UBBPg3b,
FLA0021,,,,,UBBPg3b,
FLA0240,,,,,UBBPg3b,
FLA0079,,,,,UBBPg3b,
FLA0169,,,,,UBBPg3b,
FLA0159,,,,,UBBPg3b,
FLA0075,,,,,UBBPg3b,
FLA0181,,,,,UBBPg3b,
FLA0211,,,,,UBBPg3b,
FLA0118,,,,,UBBPg3b,
FLA0231,,,,,UBBPg3b,
FLA0194,,,,,UBBPg3a,
FLA0165,,,,,UBBPg3b,
FLA0196,,,,,UBBPg3b,
FLA0237,,,UBBPg2c,,UBBPg3b,
FLA0225,,,,,UBBPg3b,
FLA0168,,,,,UBBPg3b,
CVL0003,,,,,UBBPg3a,
FLA0182,,,,,UBBPg3b,
FLA0121,,,,,UBBPg3b,
FLA0185,,,,,UBBPg3b,
FLA0156,,,,,UBBPg3b,
RUS0005,,,UBBPg2c,,UBBPg3b,
FLA0081,,,,,UBBPg3b,
FLA0175,,,,,UBBPg3b,
PWB0007,,,,,UBBPg2c,
FLA0245,,,,,UBBPg3b,
FLA0236,,,,,UBBPg3b,
FLA0104,,,,,UBBPg3b,
FLA0183,,,UBBPg2a,,UBBPg3b,
FLA0070,,,,,UBBPg3b,
SOI0001,,,UBBPg2c,,UBBPg3b,
FLA0051,,,,,UBBPg3b,
GRN0001,,,,,UBBPg3b,
FLA0239,,,,,UBBPg3b,
FLA0028,,,,,UBBPg3a,
FLA0150,,,,,UBBPg3b,
FLA0082,,,,,UBBPg3b,
NSF0002,,,,,UBBPg2c,
CUC0038,,,,,UBBPg2c,
CWX0001,,,UBBPg2c,,UBBPg3b,
CWX0002,,,UBBPg2c,,UBBPg3b,
FLA0195,,,,,UBBPg3a,
FLA0122,,,UBBPg2a,,UBBPg3b,
FLA0022,,,,,UBBPg3b,
FLA0228,,,,,UBBPg3b,
FLA0242,,,,,UBBPg3b,
CUC0028,,,,,UBBPg3b,
MUE0003,,,UBBPg3b,,UBBPg3b,
FLA0176,,,,,UBBPg3b,
FLA0177,,,,,UBBPg3b,
FLA0223,,,,,UBBPg3b,
FLA0061,,,UBBPg3a,,UBBPg3b,
AXD0001,,,UBBPg2c,,UBBPg3b,
FLA0076,,,,,UBBPg3b,
FLA0174,,,,,UBBPg3a,
CVL0005,,,UBBPg2c,,UBBPg3b,
FLA0114,,,,,UBBPg3b,
AUS0001,,,UBBPg2c,,UBBPg3b,
FLA0244,,,,,UBBPg3b,
FLA0200,,,UBBPg2c,,UBBPg3b,
FLA0062,,,,,UBBPg3b,
FLA0059,,,,,UBBPg3b,
ESB0002,,,,,UBBPg3a,
FLA0163,,,,,UBBPg3b,
ACX0001,,,UBBPg2c,,UBBPg3b,
AXD0002,,,UBBPg2c,,UBBPg3b,
FLA0155,,,,,UBBPg3b,
CUC0008,,,,,UBBPg3b,
FLA0173,,,,,UBBPg3b,
FLA0158,,,,,UBBPg3b,
CUC0034,,,UBBPg2c,,UBBPg3b,
CEA0001,,,UBBPg2c,,UBBPg3b,
NSF0001,,,,,UBBPg2c,
PUJ0001,,,,,UBBPg2c,
AIB0001,,,UBBPg2c,,UBBPg3b,
ARX0001,,,UBBPg2c,,UBBPg3b,
FLA0119,,,,,UBBPg3a,
FLA0060,,,,,UBBPg3b,
FLA0058,,,,,UBBPg3b,
FLA0067,,,,,UBBPg3b,
FLA0187,,,,,UBBPg3b,
FLA0157,,,,,UBBPg3b,
CUC0035,,,UBBPg2c,,UBBPg3b,
GABR0001,,,UBBPg2c,,,
FLA0006,,,,,UBBPg3b,
CUC0044,,,UBBPg2c,,UBBPg2c,
FLA0188,,,,,UBBPg3a,
FLA0233,,,,,UBBPg3b,
FLA0020,,,,,UBBPg3b,
CUC0039,,,UBBPg2c,,UBBPg3b,
CUC0036,,,UBBPg2c,,UBBPg3b,
MRT0001,,,UBBPg2a,,UBBPg3b,
FLA0160,,,,,UBBPg3b,
FLA0199,,,UBBPg2c,,UBBPg3b,
MAC0001,,,UBBPg2a,,UBBPg3b,
FLA0068,,,,,UBBPg3a,
FLA0171,,,,,UBBPg3a,
AQZ0007-AQZ0012,,,UBBPg2c,,UBBPg3b,
FLA0069,,,,,UBBPg3b,
FLA0032,,,,,UBBPg3b,
FLA0218,,,,,UBBPg3b,
FLA0238,,,,,UBBPg3b,
FLA0124,,,,,UBBPg3b,
FLA0007,,,,,UBBPg3a,
ACA0007,,,,,UBBPg3b,
FLA0002,,,,,UBBPg3b,
FLA0154,,,,,UBBPg3b,
FLA0110,,,,,UBBPg3b,
FLA0023,,,,,UBBPg3b,
FLA0144,,,,,UBBPg3b,
CMS0001,,,,,UBBPg3b,
FLA0044,,,,,UBBPg3b,
FLA0210,,,,,UBBPg3b,
FLA0179,,,,,UBBPg3b,
FLA0167,,,,,UBBPg3b,
BCZ0001,,,,,UBBPg3b,
ACA0004,,,,,UBBPg3a,
TLG0001,,,UBBPg2c,,UBBPg3b,
ACA0005,,,,,UBBPg3a,
FLA0220,,,,,UBBPg3b,
FLA0170,,,,,UBBPg3b,
FLA0033,,,,,UBBPg3b,
FLA0043,,,UBBPg2a,,UBBPg3b,
FLA0014,,,,,UBBPg3b,
FLA0078,,,,,UBBPg3a,
ESB0005,,,,,UBBPg3b,
ACA0002,,,,,UBBPg3b,
FLA0034,,,,,UBBPg3b,
AQZ0005,,,,,UBBPg3b,
FLA0072,,,,,UBBPg3b,
IAGA0001,,,,,UBBPg3b,
IAGA0002,,,,,UBBPg3b,
FLA0036,,,,,UBBPg3b,
RUS0003,,,,,UBBPg3b,
PTX0001,,,UBBPg2c,,UBBPg3b,
CMS0002,,,,,UBBPg3b,
CAC0001,,,UBBPg3b,,UBBPg3b,
AQZ0001,,,UBBPg2c,,UBBPg3b,
FLA0201,,,UBBPg3a,,UBBPg3b,
ACA0003,,,,,UBBPg3b,
ACA0006,,,,,UBBPg3b,
CUC0040,,,,,UBBPg3b,
CUC0041,,,UBBPg2c,,,
CUC0042,,,,,UBBPg2c,
ESB0007,,,,,UBBPg3b,
FLA0004,,,,,UBBPg3b,
FLA0025,,,,,UBBPg3b,
FLA0046,,,,,UBBPg3b,
FLA0026,,,,,UBBPg3b,
FLA0039,,,,,UBBPg3b,
FLA0066,,,,,UBBPg3b,
FLA0084,,,UBBPg3b,,UBBPg3b,
FLA0086,,,UBBPg3b,,UBBPg3b,
FLA0107,,,,,UBBPg3b,
FLA0126,,,,,UBBPg3b,
FLA0131,,,,,UBBPg3b,
FLA0162,,,,,UBBPg3b,
FLA0197,,,,,UBBPg3b,
FLA0232,,,,,UBBPg3b,
FRG0001,,,,,UBBPg2c,
IAGA0003,,,UBBPg2a,,UBBPg3b,
IAGA0004,,,,,UBBPg3a,
ICN0001,,,,,UBBPg3b,
LNT0006,,,UBBPg2c,,UBBPg3b,
RFG0001,,,UBBPg2c,,UBBPg3b,
FLA0040,,,,,UBBPg3b,
SMU0003-SMU0006,,,,,UBBPg2c,
SBN0002,,,UBBPg2c,,UBBPg3b,
FLA0077,,,,,UBBPg3b,
FLA0063,,,,,UBBPg3b,
FLA0113,,,,,UBBPg3b,
TIG0001,,,,,UBBPg3b,
CUC0043,,,,,UBBPg2c,
FLA0234,,,,,UBBPg3a,
AQZ0009,,,,,UBBPg3b,
FLA0222,,,UBBPg3b,,UBBPg3b,
CIE0001,,,,,UBBPg3a,
MSS0001,,,,,UBBPg3b,
MSS0002,,,UBBPg2c,,UBBPg3b,
FLA0009,,,,,UBBPg3b,
MCW0001,,,,,UBBPg3b,
SNQ0002,,,,,UBBPg3b,
FLA0094,,,,,UBBPg3b,
FBO0001,UBBPg2c,,,,UBBPg3b,
CIE0005,,,UBBPg2c,,UBBPg3b,
MRO0018,,,UBBPg2c,,UBBPg3b,
MRO0026,,,,,UBBPg3b,
MRO0025,,,,,UBBPg3b,
MRO0027,,,,,UBBPg2c,
MRO0028,,,,,UBBPg3b,
MRO0029,,,,,UBBPg3b,
MRO0035,,,UBBPg2c,,UBBPg3b,
FLA0149,,,UBBPg2a,,UBBPg3b,
MRO0009,,,,,UBBPg3b,
MRO0020,,,,,UBBPg3b,
MRO0023,,,,,UBBPg3b,
MRO0039,,,,,UBBPg3b,
NID0001,,,,,UBBPg3b,
MRO0008,,,,,UBBPg3b,
BBB0001,,,,,UBBPg3b,
FLA0073,,,,,UBBPg3b,
FLA0153,,,,,UBBPg3b,
QXE0001,,,,,UBBPg2c,
MRO0003,,,,,UBBPg3b,
FLA0207,,,,,UBBPg3b,
FLA0048,,,,,UBBPg3b,
CTS0001,,,,,UBBPg3a,
CTS0003,,,,,UBBPg3a,
FLA0111,,,,,UBBPg3b,
FLA0064,,,UBBPg3a,,UBBPg3b,
POE0002,,,UBBPg2c,,UBBPg3b,
FLA0065,,,,,UBBPg3b,
SOL0013,,,UBBPg2c,,UBBPg3b,
POE0001,,,,,UBBPg3b,
TIG0002,,,,,UBBPg3b,
MRO0007,,,,,UBBPg3b,
MRO0024,,,,,UBBPg3b,
CSS0004,,,,,UBBPg3b,
MRO0016-MRO0057,,,UBBPg3a,,UBBPg3b,
MRO0001-MRO0056-MRO0058,UBBPg2c,,UBBPg2c,,UBBPg3b,
MRO0002,,,,,UBBPg3b,
MRO0019,,,,,UBBPg3b,
MRO0032,,,,,UBBPg3b,
MRO0030,,,,,UBBPg3b,
MRO0005,,,,,UBBPg3b,
SOL0012,,,UBBPg2c,,UBBPg3b,
SOL0009,,,,,UBBPg3b,
MRO0037,,,UBBPg2c,,UBBPg3b,
CUC0013,,,,,UBBPg3a,
FLA0226,,,,,UBBPg3b,
BBB0012,,,,,UBBPg2c,
SOL0004,,,UBBPg3b,,UBBPg3a,
MASA0001,,,,,UBBPg2c,
MRO0038,,,UBBPg2c,,UBBPg3b,
MRO0011,,,,,UBBPg3b,
VJT0001,,,,,UBBPg3b,
SOL0011,,,,,UBBPg3b,
SOL0016,,,,,UBBPg2c,
FLA0091,,,UBBPg3b,,UBBPg3b,
MRO0036,,,UBBPg2c,,UBBPg3b,
MRO0022,,,,,UBBPg3b,
SOL0014,,,,,UBBPg3b,
SOL0015,,,,,UBBPg3b,
MRO0033,,,,,UBBPg3b,
BBB0004,,,,,UBBPg2c,
BBB0006,,,,,UBBPg2c,
BBB0010,,,,,UBBPg2c,
BBB0013,,,,,UBBPg2c,
CSS0003,,,UBBPg2c,,UBBPg3b,
FLA0097,,,,,UBBPg3b,
FLA0241,,,,,UBBPg3b,
FRQ0002,,,UBBPg2c,,UBBPg3b,
MUE0012,,,,,UBBPg3b,
TIG0005,,,UBBPg2c,,UBBPg3b,
MAH0002,,,,,UBBPg2c,
BBB0005,,,,,UBBPg2c,
CUC0031,,,,,UBBPg3b,
FAD0001,,,UBBPg2c,,,
IUE0002,,,,,UBBPg2c,
LVM0003,,,,,UBBPg2c,
JNE0034,,,,,UBBPg3b,
MUE0007,,,UBBPg2c,,UBBPg3b,
MRO0006,,,,,UBBPg3b,
AUR0001,,,,,UBBPg3b,
BBB0008,,,UBBPg2c,,UBBPg3b,
CUC0032,,,,,UBBPg2c,
UNM0001,,,UBBPg2c,,UBBPg3b,
FLA0089,,,,,UBBPg3b,
MCW0010,,,,,UBBPg3b,
JNE0037,,,,,UBBPg2c,
MRO0031,,,,,UBBPg3b,
GOH0002,,,UBBPg2c,,UBBPg3b,
IPZ0001,,,UBBPg2c,,UBBPg3b,
UZL0001,,,,,UBBPg3a,
PLK0001,,,UBBPg2c,,,
TIBA0001,,,,,UBBPg3b,
PUU0002-PUU0003,,,UBBPg2c,,UBBPg3b,
IAX0001,,,UBBPg2c,,UBBPg3b,
IMI0001,,,UBBPg2c,,UBBPg3b,
OAB0001,,,UBBPg2c,,UBBPg3b,
AAB0001,,,,,UBBPg3b,
ABY0001,,,,,UBBPg2c,
BTT0003,,,UBBPg2c,,UBBPg3b,
JGN0001,,,,,UBBPg3b,
MUE0011,,,UBBPg2c,,UBBPg3b,
PJS0001,,,UBBPg2a,,UBBPg3b,
PTW0001,,,,,UBBPg3b,
PTY0001,,,,,UBBPg2c,
TIBA0002,,,UBBPg2c,,UBBPg3b,
QXA0007,,,,,UBBPg2c,
AQZ0003,,,UBBPg2c,,UBBPg3b,
NOE0002,,,,,UBBPg2c,
ITW0001,,,UBBPg2c,,UBBPg3b,
ABC0002,,,,,UBBPg3b,
CID0001,,,UBBPg2a,,UBBPg3b,
CZH0001,,,UBBPg2c,,UBBPg3b,
MRO0034,,,,,UBBPg3b,
PJS0007,,,,,UBBPg2c,
PJS0006,,,,,UBBPg2c,
FLA0148,,,,,UBBPg3b,
NTL0010,,,,,UBBPg3b,
NTL0106,,,,,UBBPg3b,
JTU0002,,,UBBPg2c,,UBBPg3b,
CED0001,,,UBBPg2c,,UBBPg3b,
NTL0031,,,,,UBBPg3b,
NTL0034,,,,,UBBPg3b,
NTL0007,,,,,UBBPg3b,
NTL0027,,,,,UBBPg3b,
NTL0020,,,,,UBBPg3b,
NTL0022,,,,,UBBPg3b,
NTL0026,,,,,UBBPg3b,
JTU0001,,,,,UBBPg3b,
NTL0021,,,,,UBBPg3b,
AAU0003,,,UBBPg2c,,UBBPg3b,
NTL0023,,,,,UBBPg3b,
NTL0019,,,,,UBBPg3b,
NTL0014,,,,,UBBPg3b,
ACP0001,,,UBBPg2c,,UBBPg3b,
FLA0041,,,,,UBBPg3b,
MRO0010,,,,,UBBPg3b,
TBL0001,,,,,UBBPg3b,
SGM0002,,,,,UBBPg3b,
FLA0172,,,UBBPg2a,,UBBPg3a,
AAU0001,,,,,UBBPg3b,
MRO0021,,,,,UBBPg3b,
FLA0047,,,,,UBBPg3b,
FLA0129,,,,,UBBPg3b,
FLA0132,,,,,UBBPg3b,
CCM0002,,,,,UBBPg3b,
CCM0001,,,,,UBBPg3b,
CCM0004,,,UBBPg2c,,UBBPg3b,
CATN0001,,,UBBPg2c,,UBBPg3b,
PWM0007,,,,,UBBPg3b,
PWM0008,,,,,UBBPg3b,
SGM0014,,,UBBPg2c,,UBBPg3b,
FLA0112,,,,,UBBPg3b,
SGM0015,,,UBBPg2c,,UBBPg3b,
CIC0001,,,,,UBBPg3b,
CIC0004,,,,,UBBPg3b,
CIC0005,,,,,UBBPg3b,
CIC0007,,,,,UBBPg3b,
NTL0018,,,,,UBBPg3b,
NTL0032,,,,,UBBPg3b,
APD0002-APD0007,,,UBBPg2c,,UBBPg3a,
MRO0041,,,,,UBBPg2c,
MDX0001,,,UBBPg2c,,UBBPg3b,
FLA0209,,,,,UBBPg3b,
PWM0003,,,,,UBBPg3b,
FLA0003,,,,,UBBPg3b,
SGV0002,,,UBBPg2c,,,
CVL0002,,,,,UBBPg3b,
EXZ0004,,,,,UBBPg3b,
PWM0006,,,,,UBBPg3b,
FLA0139,,,UBBPg2c,,UBBPg3b,
MRO0017,,,,,UBBPg3b,
FLA0138,,,UBBPg3a,,UBBPg3b,
CSS0002,,,,,UBBPg3b,
EXZ0001,,,,,UBBPg3b,
FRQ0001,,,,,UBBPg3b,
APD0001-APD0006,,,UBBPg2c,,UBBPg3b,
FLA0105,,,,,UBBPg3b,
BTT0002,,,,,UBBPg3b,
SGM0005,,,,,UBBPg3b,
NTL0005,,,,,UBBPg3b,
FLA0141,,,UBBPg2a,,UBBPg3a,
ABC0001,,,,,UBBPg3b,
JNE0035,,,,,UBBPg3b,
SGA0002,,,UBBPg2c,,UBBPg3b,
MRO0043,,,,,UBBPg2c,
EXZ0003,,,,,UBBPg3a,
AAU0002,,,,,UBBPg3b,
NTL0063,,,UBBPg3b,,UBBPg3a,
PWM0004,,,,,UBBPg3b,
NTL0046,,,,,UBBPg3a,
NTL0004,,,,,UBBPg3b,
PWM0014,,,,,UBBPg3a,
FLA0216,,,,,UBBPg3b,
PJS0002,,,,,UBBPg3b,
MCI0012,,,UBBPg2c,,UBBPg3b,
GRO0001,,,UBBPg2c,,UBBPg3b,
CAY0006,,,,,UBBPg3b,
CVL0004,,,,,UBBPg3b,
GSS0001,,,UBBPg2c,,UBBPg3b,
GSS0002,,,,,UBBPg2c,
NTL0047,,,,,UBBPg3b,
NTL0104,,,,,UBBPg3b,
FLA0074,,,,,UBBPg3a,
FLA0106,,,,,UBBPg3b,
OOS0001,,,UBBPg2c,,UBBPg3b,
EXZ0006,,,UBBPg2c,,UBBPg3b,
MCI0002,,,,,UBBPg3b,
MUM0001,,,,,UBBPg3b,
PWM0005,,,,,UBBPg3b,
NTL0002,,,,,UBBPg3b,
NTL0016,,,,,UBBPg3b,
MCI0004,,,UBBPg2c,,UBBPg3b,
PWM0011,,,,,UBBPg3b,
SOL0010,,,,,UBBPg3b,
FLA0030,,,,,UBBPg3b,
SII0002,,,,,UBBPg3b,
NTL0105,,,,,UBBPg3b,
MCI0008,,,UBBPg2c,,UBBPg3b,
NTL0013,,,,,UBBPg3b,
NTL0001,,,UBBPg2c,,UBBPg3b,
MCI0010,,,UBBPg2c,,UBBPg3b,
CAY0003,,,UBBPg2c,,UBBPg3b,
ABY0002,,,,,UBBPg2c,
FLA0053,,,,,UBBPg3b,
TIG0007,,,,,UBBPg3b,
PWM0001,,,,,UBBPg3b,
FLA0133,,,,,UBBPg3b,
MUN0001,,,UBBPg2c,,UBBPg3b,
FLA0147,,,UBBPg2c,,UBBPg3b,
FLA0045,,,UBBPg2c,,UBBPg3b,
FLA0027,,,,,UBBPg3b,
FLA0098,,,,,UBBPg3b,
PEO0006,,,,,UBBPg2c,
IBW0001,,,UBBPg2c,,UBBPg3b,
NTL0069,,,,,UBBPg3b,
CAY0008,,,UBBPg2c,,UBBPg3b,
PWM0009,,,,,UBBPg3b,
FLA0202,,,,,UBBPg3b,
ICB0001,,,,,UBBPg3b,
SNZ0003,,,UBBPg2c,,UBBPg3b,
PGY0001,,,UBBPg2c,,UBBPg3b,
SGM0001,,,,,UBBPg3b,
POS0006,,,UBBPg2c,,UBBPg3b,
INC0001,,,UBBPg2c,,UBBPg3b,
SPH0003,,,,,UBBPg3b,
CCM0003,,,,,UBBPg3b,
POS0005,,,,,UBBPg3b,
UUO0001,,,UBBPg2c,,UBBPg3b,
SGV0001,,,,,UBBPg2c,
SGM0007,,,,,UBBPg3b,
SGM0006,,,UBBPg2c,,UBBPg3b,
SGM0008,,,,,UBBPg3b,
SPH0004,,,,,UBBPg2c,
SGM0009,,,UBBPg2c,,UBBPg3b,
NTL0067,,,UBBPg2c,,UBBPg3b,
FLA0235,,,,,UBBPg3b,
NTL0028,,,,,UBBPg3b,
SPH0005,,,,,UBBPg2c,
EXZ0002,,,,,UBBPg3b,
NTL0057,,,,,UBBPg3b,
NTL0012,,,,,UBBPg3b,
CAY0005,,,,,UBBPg3b,
NTL0030,,,UBBPg2c,,UBBPg3b,
SOL0018,,,,,UBBPg2c,
NTL0029,,,,,UBBPg3b,
MEU0001,,,,,UBBPg3b,
SPH0002,,,,,UBBPg3b,
BBB0002,,,,,UBBPg3a,
PWM0012,,,,,UBBPg3b,
NTL0051,,,,,UBBPg3b,
NTL0033,,,UBBPg2c,,UBBPg3b,
QXA0006,,,,,UBBPg2c,
SGA0006,,,,,UBBPg2c,
MNH0001,,,UBBPg2c,,UBBPg3b,
PWM0029,,,,,UBBPg3b,
POS0004,,,UBBPg2c,,UBBPg3b,
SII0001,,,,,UBBPg3b,
NTL0108,,,,,UBBPg3b,
CGE0024,,,,,UBBPg3b,
PBL0002,,,,,UBBPg3b,
FLA0031,,,,,UBBPg3b,
NTL0093,,,,,UBBPg3b,
NTL0015,,,,,UBBPg3b,
SGM0010,,,,,UBBPg3b,
GXS0001,,,UBBPg2c,,UBBPg3b,
PWM0023,,,,,UBBPg3b,
SOL0019,,,UBBPg2c,,UBBPg3b,
MOP0001,,,UBBPg2c,,UBBPg3b,
SOL0003,,,,,UBBPg3b,
NTL0080,,,,,UBBPg3b,
NTL0100,,,,,UBBPg3b,
MAI0001,,,,,UBBPg3b,
SGA0008,,,,,UBBPg2c,
NTL0024,,,,,UBBPg3a,
NTL0068,,,,,UBBPg3b,
CGE0049,,,,,UBBPg3b,
SOL0008,,,,,UBBPg3b,
CGE0039,,,,,UBBPg3b,
EXZ0005,,,,,UBBPg3a,
NTL0102,,,,,UBBPg3b,
FLA0100,,,,,UBBPg3b,
NTL0061,,,,,UBBPg3b,
EXZ0007,,,UBBPg2c,,UBBPg3b,
MAI0002,,,,,UBBPg3b,
GNJ0001,,,UBBPg2c,,UBBPg3b,
GNJ0002,,,UBBPg2c,,UBBPg3b,
NTL0077,,,,,UBBPg3b,
NTL0008,,,,,UBBPg3b,
PTW0002,,,UBBPg2a,,UBBPg3a,
GBA0001,,,,,UBBPg3b,
NTL0083,,,,,UBBPg3b,
NTL0076,,,,,UBBPg3b,
SRI0009,,,,,UBBPg2c,
SRI0006,,,,,UBBPg3b,
SRI0007,,,,,UBBPg3b,
BTT0001,,,,,UBBPg3b,
NTL0072,,,,,UBBPg3b,
NTL0074,,,,,UBBPg3b,
NTL0075,,,,,UBBPg3b,
SOL0001,,,,,UBBPg3b,
MTR0001,,,,,UBBPg2c,
PBL0003,,,UBBPg2c,,UBBPg3b,
SRI0003,,,,,UBBPg3b,
BEX0001,,,,,UBBPg3b,
BEX0002,,,,,UBBPg3b,
BEX0005,,,,,UBBPg3b,
BEX0009,,,,,UBBPg3b,
PEO0007,,,,,UBBPg2c,
NCZ0002,,,,,UBBPg3b,
SRI0001,,,,,UBBPg3b,
ANO0001,,,,,UBBPg3b,
COZ0001,,,UBBPg2c,,UBBPg3b,
UUA0002,,,UBBPg2c,,UBBPg3b,
BRN0001,,,,,UBBPg3b,
SRI0002,,,UBBPg2c,,UBBPg3b,
SOL0006,,,,,UBBPg3b,
NTL0107,,,,,UBBPg3b,
LJE0001,,,UBBPg2c,,UBBPg3b,
SRI0010,,,,,UBBPg3b,
CZW0001,,,,,UBBPg3b,
JOA0002,,,,,UBBPg3b,
EXZ0012,,,UBBPg2c,,UBBPg3b,
NTL0110,,,,,UBBPg3b,
NTL0071,,,,,UBBPg3b,
JPA0063,,,,,UBBPg3b,
CAY0002,,,,,UBBPg3b,
ITJY0001,,,,,UBBPg3b,
URM0001,,,UBBPg2c,,UBBPg3b,
NTL0053,,,,,UBBPg3b,
NTL0054,,,,,UBBPg3b,
FLA0130,,,,,UBBPg3b,
NTL0086,,,UBBPg2c,,UBBPg3b,
MCI0003,,,,,UBBPg3b,
MCI0006,,,,,UBBPg3b,
TNN0001,,,,,UBBPg3b,
NCZ0001,,,,,UBBPg3b,
EXZ0011,,,UBBPg2c,,UBBPg3b,
NTL0055,,,,,UBBPg3b,
NTL0056,,,,,UBBPg3b,
NTL0070,,,,,UBBPg3b,
CAY0001,,,,,UBBPg3b,
MTN0001,,,,,UBBPg3b,
NTL0045,,,,,UBBPg3b,
UUA0001,,,UBBPg2c,,UBBPg3b,
UIN0001,,,,,UBBPg3b,
SRI0005,,,,,UBBPg3b,
PWM0016,,,,,UBBPg3b,
NTL0009,,,,,UBBPg3b,
FLA0212,,,,,UBBPg3b,
SNQ0001,,,,,UBBPg3a,
SYF0001,,,,,UBBPg2c,
FLA0093,,,UBBPg3a,,UBBPg3b,
BEX0003,,,,,UBBPg3b,
IUE0001,,,,,UBBPg3b,
MCI0005,,,,,UBBPg3b,
PWM0028,,,,,UBBPg3b,
CGE0041,,,,,UBBPg3a,
QXE0004,,,,,UBBPg2c,
NTL0052,,,,,UBBPg3b,
ACI0001,,,UBBPg2c,,UBBPg3b,
NOE0001,,,,,UBBPg3b,
CGE0043,,,,,UBBPg3b,
PLW0001,,,UBBPg2c,,UBBPg3b,
MCI0001,,,,,UBBPg3b,
SZA0006,,,UBBPg2c,,UBBPg3b,
SNZ0002,,,UBBPg2c,,UBBPg3a,
TUA0001,,,,,UBBPg3b,
JPA0094,,,,,UBBPg3b,
CGE0020,,,UBBPg2c,,UBBPg3b,
PWM0015,,,,,UBBPg3a,
CRB0001,,,,,UBBPg3a,
BEX0008,,,UBBPg2c,,UBBPg3b,
BEX0010,,,,,UBBPg3b,
SOL0005,,,UBBPg2c,,UBBPg3b,
JPA0097,,,,,UBBPg3b,
LNT0008,,,,,UBBPg2c,
MCI0011,,,,,UBBPg3b,
POS0011,,,,,UBBPg3b,
IMW0001,,,,,UBBPg3b,
CGE0032,,,,,UBBPg3a,
JPA0007,,,,,UBBPg3b,
APAR0001,,,,,UBBPg2c,
PWM0013,,,,,UBBPg3a,
JIJO0001,,,UBBPg2c,,UBBPg3b,
MLT0001,,,,,UBBPg3b,
SBTP0001,,,,,UBBPg2c,
SAM0001,,,UBBPg3b,,UBBPg2c,
NTL0109,,,,,UBBPg3a,
JOA0001,,,,,UBBPg3b,
CIC0002,,,,,UBBPg3a,
CGE0031,,,,,UBBPg3a,
ICP0001,,,UBBPg2c,,UBBPg3b,
ICP0002,,,,,UBBPg3b,
RUS0008,,,UBBPg2c,,UBBPg3a,
GRN0005,,,,,UBBPg2c,
NTL0090,,,,,UBBPg3b,
SGA0005,,,UBBPg2c,,UBBPg3a,
JPA0042,,,,,UBBPg3a,
JPA0055,,,,,UBBPg3a,
CGE0011,,,,,UBBPg3a,
CGE0026,,,,,UBBPg3a,
CGE0027,,,,,UBBPg3a,
CGE0029,,,,,UBBPg3a,
IAU0010,,,,,UBBPg2c,
NTL0006,,,,,UBBPg3a,
NTL0039,,,,,UBBPg3b,
NTL0073,,,,,UBBPg3a,
NTL0103,,,,,UBBPg3a,
CRU0009,,,,,UBBPg3a,
CRU0022,,,,,UBBPg3a,
CRU0028,,,,,UBBPg3a,
CRU0030,,,,,UBBPg3a,
CRU0032,,,,,UBBPg3a,
BEZ0004,,,,,UBBPg3a,
CGE0035,,,,,UBBPg3a,
FLA0221,,,UBBPg2a,,UBBPg3a,
SRI0014,,,,,UBBPg3a,
JPA0040,,,,,UBBPg3a,
PDJ0002,,,,,UBBPg3a,
SRI0011,,,,,UBBPg3b,
CGE0012,,,,,UBBPg3a,
CGM0002,,,,,UBBPg3a,
CBD0005,,,,,UBBPg3a,
PWM0017,,,,,UBBPg3b,
BBB0009,,,,,UBBPg2c,
SGM0004,,,,,UBBPg3a,
VZG0001,,,,,UBBPg3b,
MME0004,,,,,UBBPg3b,
EXZ0014,,,,,UBBPg3b,
TRY0001,,,UBBPg2c,,UBBPg3b,
TRY0002,,,,,UBBPg3b,
MCI0007,,,UBBPg2c,,UBBPg3a,
JOA0003,,,UBBPg2c,,UBBPg3b,
JPA0052,,,,,UBBPg3a,
NTL0050,,,,,UBBPg3b,
JPA0011,,,,,UBBPg3a,
BRN0002,,,,,UBBPg2c,
JPA0074,,,,,UBBPg3b,
SOL0007,,,,,UBBPg3a,
VCC0002,,,,,UBBPg2c,
RUS0006,,,UBBPg2c,,UBBPg3a,
NTL0066,,,,,UBBPg3a,
MCI0009,,,,,UBBPg3b,
CGE0025,,,,,UBBPg3b,
SZA0005,,,,,UBBPg3a,
MRO0013,,,,,UBBPg3a,
SZA0004,,,,,UBBPg3a,
SOL0017,,,,,UBBPg3a,
RDC0001,,,UBBPg2c,,UBBPg3b,
JMH0001,,,,,UBBPg3a,
PNS0001,,,,,UBBPg3a,
CBD0004,,,,,UBBPg3a,
CGE0051,,,,,UBBPg3a,
JPA0087,,,,,UBBPg3a,
POS0007,,,,,UBBPg3a,
JPA0091,,,,,UBBPg3a,
MRIZ0001,,,,,UBBPg3a,
CRU0018,,,,,UBBPg3a,
CRU0020,,,,,UBBPg3a,
ICP0005,,,,,UBBPg3a,
BJZ0001,,,,,UBBPg3a,
ADG0001,,,,,UBBPg3a,
CIC0006,,,,,UBBPg3a,
ADG0002,,,UBBPg2c,,UBBPg3b,
JPA0088,,,,,UBBPg3a,
POS0009,,,,,UBBPg3a,
GVT0005,,,,,UBBPg3a,
BEZ0005,,,,,UBBPg3a,
CGE0008,,,,,UBBPg3a,
RAD0001,,,,,UBBPg2c,
NTL0101,,,,,UBBPg3a,
BEZ0006,,,,,UBBPg3a,
RDC0002,,,,,UBBPg2c,
CGE0019,,,,,UBBPg3a,
BEZ0003,,,,,UBBPg3a,
CGE0016,,,,,UBBPg3a,
CGE0034,,,,,UBBPg3a,
CGM0001,,,,,UBBPg3b,
MRO0015,,,,,UBBPg3a,
PWM0022,,,,,UBBPg3b,
MCU0002,,,,,UBBPg2c,
SGA0011-SGA0010,,,,,UBBPg3a,
CGE0050,,,,,UBBPg3a,
MRO0012,,,,,UBBPg3b,
CRU0031,,,,,UBBPg2c,
JPA0075,,,,,UBBPg3a,
JPA0089,,,,,UBBPg3a,
SBT0002,,,,,UBBPg3a,
NTL0011,,,,,UBBPg3a,
SGI0004,,,,,UBBPg3a,
CRU0021,,,,,UBBPg3a,
BEZ0002,,,,,UBBPg3a,
CGE0047,,,,,UBBPg3a,
CRU0012,,,,,UBBPg3a,
SGI0001,,,,,UBBPg3a,
BQN0001,,,UBBPg2c,,UBBPg3b,
CGM0003,,,UBBPg2c,,UBBPg3b,
CBD0007,,,,,UBBPg3a,
NTL0097,,,,,UBBPg3a,
CRU0023,,,,,UBBPg3a,
NTL0096,,,UBBPg3b,,UBBPg3a,
SRI0008,,,,,UBBPg3a,
CIW0001,,,UBBPg2c,,UBBPg3b,
JPA0057,,,,,UBBPg3a,
BJM0001,,,,,UBBPg3a,
SGM0016,,,,,UBBPg3a,
JPA0082,,,,,UBBPg3a,
SRI0012,,,,,UBBPg3a,
BEX0007,,,,,UBBPg3a,
CHA0001,,,,,UBBPg3a,
SGI0003,,,,,UBBPg3a,
CGE0023,,,,,UBBPg3a,
CRU0010,,,,,UBBPg3a,
SRI0015,,,,,UBBPg3a,
JPA0096,,,,,UBBPg3a,
CHG0001,,,,,UBBPg3a,
SGI0005,,,,,UBBPg3a,
SNZ0001,,,,,UBBPg3a,
CRU0029,,,,,UBBPg3a,
PWM0024,,,,,UBBPg3a,
PWM0021,,,UBBPg2c,,UBBPg3a,
CRU0013,,,,,UBBPg3a,
ABC0003,,,,,UBBPg2c,
CRU0027,,,,,UBBPg3a,
JPA0093,,,,,UBBPg3a,
ITK0001,,,,,UBBPg3a,
CBD0010,,,,,UBBPg3a,
NTL0043,,,,,UBBPg3a,
JPA0060,,,,,UBBPg3a,
JPA0058,,,,,UBBPg3a,
CRU0011,,,,,UBBPg3a,
MME0001,,,,,UBBPg3b,
JPA0020,,,,,UBBPg3a,
CRH0002,,,,,UBBPg3a,
CRH0003,,,,,UBBPg3a,
VZG0002,,,,,UBBPg3a,
CRU0026,,,,,UBBPg3a,
QUS0001,,,,,UBBPg3a,
MME0003,,,,,UBBPg3a,
QUS0002,,,,,UBBPg3a,
PWM0025,,,,,UBBPg3a,
SNZ0004,,,,,UBBPg3a,
POS0001,,,UBBPg3b,,UBBPg3a,
NTL0078,,,,,UBBPg3a,
NTL0048,,,,,UBBPg3a,
NTL0049,,,,,UBBPg3a,
NTL0060,,,,,UBBPg3a,
TUA0004,,,,,UBBPg3a,
MAH0004,,,,,UBBPg3a,
FLA0092,,,,,UBBPg3a,
JGN0002,,,UBBPg2c,,UBBPg3b,
TAI0001,,,UBBPg2c,,UBBPg3b,
CUN0001,,,,,UBBPg3a,
JPA0051,,,,,UBBPg3a,
JPA0034,,,,,UBBPg3a,
JPA0061,,,,,UBBPg3a,
JPA0070,,,,,UBBPg3a,
SRI0013,,,,,UBBPg3b,
CRU0007,,,,,UBBPg3a,
CRU0024,,,,,UBBPg3a,
RTT0002,,,,,UBBPg3a,
RTT0001,,,,,UBBPg3a,
JPA0085,,,,,UBBPg3a,
JPA0028,,,,,UBBPg3a,
AAB0003,,,,,UBBPg3a,
POS0012,,,,,UBBPg3a,
CRU0004,,,,,UBBPg3a,
AOW0001,,,,,UBBPg3b,
JPA0019,,,,,UBBPg3a,
LVM0005,,,,,UBBPg3a,
NTL0017,,,,,UBBPg3a,
SGA0007,,,,,UBBPg2c,
SGA0009,,,,,UBBPg3a,
CGE0044,,,,,UBBPg3a,
JPA0043,,,,,UBBPg3a,
SHD0007,,,,,UBBPg3a,
CNU0001,,,,,UBBPg3a,
PUU0001,,,,,UBBPg3b,
JPA0039,,,,,UBBPg3a,
CHY0001,,,,,UBBPg2c,
NTL0065,,,,,UBBPg3a,
VJTB0002,,,,,UBBPg2c,
JPA0072,,,,,UBBPg3a,
CGE0052-CGE0055,,,UBBPg2c,,UBBPg3a,
MCU0003,,,,,UBBPg2c,
CRH0006,,,,,UBBPg2c,
CUB0001,,,,,UBBPg3b,
JPA0041,,,,,UBBPg3a,
JPA0071,,,,,UBBPg3a,
JPA0033,,,,,UBBPg3a,
JPA0077,,,,,UBBPg3a,
FBO0004,,,,,UBBPg2c,
JNE0039,,,,,UBBPg3a,
SAZ0001,,,,,UBBPg3a,
FLA0052,,,,,UBBPg3a,
JPA0035,,,,,UBBPg3a,
SZA0008,,,,,UBBPg2c,
BFA0001,,,,,UBBPg3a,
ICO0009,,,,,UBBPg2c,
CZH0004,,,,,UBBPg2c,
BJS0006,,,,,UBBPg2c,
JPA0062,,,,,UBBPg3a,
SOD0001,,,,,UBBPg3a,
CBD0001,,,,,UBBPg3a,
JPA0068,,,,,UBBPg3a,
TNN0002,,,,,UBBPg3a,
CGE0018,,,,,UBBPg3a,
LVM0006,,,,,UBBPg2c,
AAU0005,,,,,UBBPg2c,
OCR0004,,,,,UBBPg2c,
JPA0059,,,,,UBBPg3a,
NTL0099,,,,,UBBPg3a,
JPA0048,,,,,UBBPg3a,
ARAE0002,,,,,UBBPg3a,
NTL0036,,,,,UBBPg3a,
JPA0049,,,,,UBBPg3a,
JPA0050,,,,,UBBPg3a,
NTL0062,,,,,UBBPg3a,
PWM0030,,,,,UBBPg2c,
HUN0001,,,,,UBBPg2c,
AAB0002,,,,,UBBPg2c,
AAB0005,,,,,UBBPg2c,
CRU0017,,,,,UBBPg3a,
OOS0003,,,,,UBBPg2c,
MCU0001,,,,,UBBPg3a,
EXZ0015,,,,,UBBPg3a,
JZH0001,,,,,UBBPg3a,
RDC0004,,,,,UBBPg2c,
SZA0002,,,,,UBBPg3a,
GBA0004,,,,,UBBPg2c,
BEZ0001,,,,,UBBPg3b,
BBB0003,,,,,UBBPg3a,
VJTB0001,,,,,UBBPg2c,
ACA0011,,,,,UBBPg3a,
TJU0001,,,,,UBBPg3a,
FIP0001,,,,,UBBPg3a,
CRU0035,,,,,UBBPg3a,
ACA0012,,,,,UBBPg2c,
PWM0002,,,,,UBBPg3a,
SPM0004,,,,,UBBPg2c,
SGI0006,,,,,UBBPg2c,
TRY0013,,,,,UBBPg2c,
TRY0014,,,,,UBBPg2c,
PODA0002,,,,,UBBPg2c,
MME0002,,,,,UBBPg3a,
SGM0020,,,,,UBBPg2c,
ESS0002,,,,,UBBPg2c,
MRO0044,,,,,UBBPg2c,
BLA0010,,,,,UBBPg2c,
MRO0004,,,UBBPg3b,,UBBPg3a,
QTS0001,,,UBBPg2c,,UBBPg3b,
COZ0003,,,,,UBBPg3a,
PWB0008,,,,,UBBPg2c,
SWV0003,,,,,UBBPg2c,
CXS0013,,,,,UBBPg2c,
MRO0049,,,,,UBBPg2c,
NSF0006,,,,,UBBPg3a,
PFC0002,,,,,UBBPg2c,
PDZ0004,,,,,UBBPg2c,
CTO0017,,,,,UBBPg2c,
DNP0001,,,,,UBBPg3a,
LGJ0002,,,,,UBBPg2c,
VFR0003,,,,,UBBPg2c,
BJAA0002,,,,,UBBPg2c,
MUL0004,,,,,UBBPg2c,
MUL0003,,,,,UBBPg2c,
JNE0001,,,UBBPg2a,,UBBPg3a,
OOS0004,,,,,UBBPg2c,
SRI0018,,,,,UBBPg2c,
AUR0002,,,,,UBBPg2c,
ATH0005,,,,,UBBPg2c,
ATH0004,,,,,UBBPg2c,
ATH0003,,,,,UBBPg2c,
SII0003,,,,,UBBPg2c,
ICO0008,,,,,UBBPg2c,
PFC0003,,,,,UBBPg2c,
ALN0004,,,,,UBBPg2c,
UUO0002,,,,,UBBPg2c,
GABR0002,,,,,UBBPg2c,
MAH0006,,,,,UBBPg2c,
TNT0004,,,,,UBBPg2c,
BEL0001,,,,,UBBPg3a,
PUU0009,,,,,UBBPg2c,
MRY0002,,,,,UBBPg2c,
PIX0001,,,,,UBBPg3a,
SQH0003,,,,,UBBPg2c,
TMN0021,,,,,UBBPg2c,
TMN0022,,,,,UBBPg2c,
SQH0004,,,,,UBBPg2c,
SBW0003,,,,,UBBPg2c,
SBW0004,,,,,UBBPg2c,
PLV0003,,,,,UBBPg2c,
TRZV0003,,,,,UBBPg2c,
RLO0002,,,,,UBBPg2c,
CRAU0002,,,,,UBBPg2c,
FLA0087,,,,,UBBPg3a,
ACD0012,,,,,UBBPg2c,
ACD0011,,,,,UBBPg2c,
FBO0005,,,,,UBBPg2c,
CUR0005,,,,,UBBPg2c,
TTM0003,,,,,UBBPg2c,
PHE0006,,,,,UBBPg2c,
SIS0008,,,,,UBBPg2c,
PAO0003,,,,,UBBPg2c,
PAO0002,,,,,UBBPg2c,
BBL0009,,,,,UBBPg2c,
TTM0004,,,,,UBBPg2c,
TTM0005,,,,,UBBPg2c,
RJP0003,,,,,UBBPg2c,
PHE0007,,,,,UBBPg2c,
QXO0002,,,,,UBBPg2c,
GIM0002,,,,,UBBPg2c,
BCE0006,,,,,UBBPg2c,
MRO0040,,,,,UBBPg2c,
JPA0032,,,,,UBBPg3a,
FLA0083,,,UBBPg3b,,UBBPg3a,
BLA0011,,,,,UBBPg2c,
CIE0006,,,,,UBBPg2c,
TVS0002,,,,,UBBPg2c,
CIC0003,,,,,UBBPg3a,
JNE0038,,,,,UBBPg2c,
FLA0085,,,,,UBBPg3a,
FLA0095,,,,,UBBPg3a,
PAF0008,,,,,UBBPg3a,
CRU0041,,,,,UBBPg2c,
NTL0025,,,,,UBBPg3a,
BCE0001,,,,,UBBPg3a,
ARR0002,,,,,UBBPg3a,
PAF0006,,,,,UBBPg3a,
NSF0007,,,,,UBBPg2c,
JPA0084,,,,,UBBPg3a,
JPA0067,,,,,UBBPg3a,
IEC0002,,,,,UBBPg2c,
NSF0003,,,,,UBBPg3a,
PAF0010,,,,,UBBPg3a,
SOA0001,,,,,UBBPg3a,
FLA0145,,,,,UBBPg3a,
SZA0003,,,,,UBBPg3a,
SOA0002,,,,,UBBPg3a,
JPA0069,,,,,UBBPg3a,
BCE0002,,,,,UBBPg3a,
BCE0003,,,,,UBBPg3a,
BAO0004,,,,,UBBPg2c,
CRU0008,,,,,UBBPg3a,
MHO0001,,,,,UBBPg3a,
MHO0002,,,,,UBBPg3a,
MAC0003,,,,,UBBPg2c,
ARR0001,,,,,UBBPg3a,
SGA0012,,,,,UBBPg3a,
PDZ0005,,,,,UBBPg2c,
JPA0073,,,,,UBBPg3a,
GME0002,,,,,UBBPg3a,
CGE0030,,,,,UBBPg3a,
JPA0046,,,,,UBBPg3a,
JPA0064,,,,,UBBPg3a,
BEX0004,,,,,UBBPg3a,
PES0003,,,,,UBBPg2c,
VTS0002,,,,,UBBPg2c,
MRO0042,,,,,UBBPg2c,
CSS0001,,,,,UBBPg3a,
PAF0011,,,,,UBBPg3a,
PAF0001,,,,,UBBPg3a,
BUMS0001,,,,,UBBPg3a,
CTS0011,,,,,UBBPg2c,
VJT0002,,,,,UBBPg2c,
NTL0092,,,,,UBBPg3a,
NTL0058,,,,,UBBPg3a,
NTL0089,,,,,UBBPg3a,
NTL0088,,,,,UBBPg3a,
NTL0095,,,,,UBBPg3a,
EXZ0013,,,,,UBBPg3a,
XXQ0004,,,,,UBBPg2c,
PAF0009,,,,,UBBPg3a,
DGA0004,,,,,UBBPg3a,
PAF0013,,,,,UBBPg3a,
PAF0012,,,,,UBBPg3a,
TDD0003,,,,,UBBPg2c,
AIB0002,,,,,UBBPg2c,
CGE0017,,,,,UBBPg3a,
CGE0002,,,,,UBBPg3a,
CGE0037,,,,,UBBPg3a,
CGE0046,,,,,UBBPg2c,
JPA0076,,,,,UBBPg3a,
NSF0004,,,,,UBBPg2c,
NSF0005,,,,,UBBPg2c,
CAY0013,,,,,UBBPg2c,
CAY0015,,,,,UBBPg2c,
POS0002,,,,,UBBPg3a,
JPA0056,,,,,UBBPg3a,
SRI0017,,,,,UBBPg2c,
CGE0007,,,,,UBBPg3a,
GRN0002,,,,,UBBPg2c,
CYO0001,,,,,UBBPg3a,
DGA0002,,,,,UBBPg3a,
CHY0003,,,,,UBBPg2c,
FLA0146,,,,,UBBPg3a,
GOH0001,,,,,UBBPg3a,
JFD0003,,,,,UBBPg2c,
JPA0081,,,,,UBBPg3a,
CGE0003,,,,,UBBPg3a,
CIW0002,,,,,UBBPg2c,
JPA0021,,,,,UBBPg3a,
PWM0026,,,,,UBBPg3a,
CAY0011,,,,,UBBPg2c,
BCE0004,,,,,UBBPg3a,
TQN0002,,,,,UBBPg2c,
GBA0002,,,,,UBBPg2c,
FLA0055,,,,,UBBPg3a,
JPA0012,,,,,UBBPg3a,
BJM0003,,,,,UBBPg3a,
CTS0008,,,,,UBBPg2c,
DGA0003,,,,,UBBPg3a,
ARR0003,,,,,UBBPg3a,
DPIP0004,,,,,UBBPg2c,
PWM0020,,,,,UBBPg3a,
IRC0001,,,,,UBBPg3a,
JPA0030,,,,,UBBPg3a,
FLA0042,,,UBBPg3b,,UBBPg3a,
TQN0005,,,,,UBBPg3a,
NTL0091,,,,,UBBPg3a,
PAF0004,,,,,UBBPg3a,
ACR0004,,,,,UBBPg3a,
NTL0038,,,,,UBBPg3a,
CRU0014,,,,,UBBPg3a,
MAH0001,,,,,UBBPg3a,
CGE0001,,,,,UBBPg3a,
JPA0031,,,,,UBBPg3a,
MCJ0005,,,,,UBBPg3b,
PAF0007,,,,,UBBPg2c,
CAY0010,,,,,UBBPg2c,
MSS0004,,,,,UBBPg2c,
JPA0037,,,,,UBBPg3a,
QUS0005,,,,,UBBPg2c,
SGM0003,,,,,UBBPg3a,
CRU0016,,,,,UBBPg3a,
CAY0009,,,,,UBBPg2c,
ACU0002,,,,,UBBPg3a,
ACU0004,,,,,UBBPg3a,
GRN0003,,,,,UBBPg2c,
JPA0002,,,,,UBBPg3a,
ERA0001,,,UBBPg2c,,UBBPg3a,
TMN0003,,,,,UBBPg3a,
BJM0005,,,,,UBBPg3a,
JPA0004,,,,,UBBPg3a,
TMN0007,,,,,UBBPg3a,
JPA0092,,,,,UBBPg2c,
JPA0018,,,,,UBBPg3a,
CGE0009,,,,,UBBPg3a,
EXZ0009,,,,,UBBPg2c,
TMN0004,,,,,UBBPg3a,
BJM0007,,,,,UBBPg3a,
ACV0002,,,,,UBBPg3a,
MEN0003,,,,,UBBPg3a,
BJM0002,,,,,UBBPg3a,
MEN0004,,,,,UBBPg3a,
JPA0026,,,,,UBBPg3a,
ACU0001,,,UBBPg3b,,UBBPg3a,
JPA0079,,,,,UBBPg3a,
CRU0037,,,,,UBBPg3a,
PAF0003,,,,,UBBPg3a,
PUX0002,,,,,UBBPg2c,
AAU0007,,,,,UBBPg2c,
ACU0003,,,,,UBBPg3a,
JPA0053,,,,,UBBPg3a,
PAF0002,,,,,UBBPg3a,
ERA0003,,,,,UBBPg2c,
NOE0004,,,,,UBBPg2c,
JPA0022,,,,,UBBPg3a,
CRH0001,,,,,UBBPg3a,
POS0008,,,,,UBBPg3a,
CUD0002,,,,,UBBPg3a,
TMN0005,,,,,UBBPg3a,
NTL0003,,,,,UBBPg3a,
ACV0006,,,,,UBBPg3a,
OUI0003,,,,,UBBPg3a,
FLA0090,,,,,UBBPg3a,
JRO0002,,,,,UBBPg3a,
CFY0001,,,,,UBBPg3a,
OLF0001,,,,,UBBPg3a,
TMN0010,,,,,UBBPg3a,
TMN0014,,,,,UBBPg3a,
LIO0007,,,,,UBBPg2c,
LIO0005,,,,,UBBPg2c,
ACX0004,,,,,UBBPg2c,
TSA0085,,,,,UBBPg3a,
SOL0029,,,,,UBBPg3a,
SHD0004,,,,,UBBPg3a,
SOP0003,,,,,UBBPg2c,
SPH0006,,,,,UBBPg2c,
ACV0004,,,,,UBBPg3a,
TSA0110,,,,,UBBPg3a,
JPA0090,,,,,UBBPg3a,
PNA0002,,,,,UBBPg3a,
TMN0017,,,,,UBBPg3a,
CGE0048,,,,,UBBPg3a,
DPIP0002,,,,,UBBPg2c,
CGE0054,,,,,UBBPg2c,
TSA0119,,,,,UBBPg3a,
CFY0002,,,,,UBBPg3a,
JPA0014,,,,,UBBPg3a,
OUI0004,,,,,UBBPg3a,
ACV0001,,,,,UBBPg3a,
JPA0099,,,,,UBBPg3a,
JPA0098,,,,,UBBPg3a,
ACV0007,,,,,UBBPg3a,
TSA0001,,,,,UBBPg3a,
TSA0116,,,,,UBBPg3a,
PNA0007,,,,,UBBPg3a,
PYH0001,,,,,UBBPg3a,
PYH0002,,,,,UBBPg3a,
CGE0033,,,,,UBBPg3a,
POS0003,,,,,UBBPg3a,
GNJ0003,,,,,UBBPg2c,
TSA0033,,,,,UBBPg3a,
TSA0035,,,,,UBBPg3a,
TSA0106,,,,,UBBPg3a,
JPA0006,,,,,UBBPg3a,
SHD0002,,,,,UBBPg3a,
SHD0006,,,,,UBBPg3a,
SHD0005,,,,,UBBPg3a,
ACV0005,,,,,UBBPg3a,
OUI0001,,,,,UBBPg3a,
SBT0003,,,,,UBBPg3a,
TMN0002,,,,,UBBPg3a,
ARR0004,,,,,UBBPg2c,
OUI0002,,,,,UBBPg3a,
PNA0001,,,,,UBBPg3a,
TSA0027,,,,,UBBPg3a,
CUD0003,,,,,UBBPg3a,
TSA0047,,,,,UBBPg3a,
TSA0105,,,,,UBBPg3a,
PNA0006,,,,,UBBPg3a,
NTL0044,,,,,UBBPg3a,
TQN0001,,,,,UBBPg3a,
TQN0004,,,,,UBBPg2c,
ARR0008,,,,,UBBPg2c,
BJM0004,,,,,UBBPg3a,
PNA0011,,,,,UBBPg3a,
ERA0002,,,,,UBBPg3a,
TMN0019,,,,,UBBPg3a,
PQE0002,,,,,UBBPg3a,
BAO0003,,,,,UBBPg2c,
PNA0005,,,,,UBBPg3a,
ARR0007,,,,,UBBPg3a,
TSA0026,,,,,UBBPg3a,
VSA0009,,,,,UBBPg3a,
PNA0008,,,,,UBBPg3a,
TMN0008,,,,,UBBPg3a,
PNA0013,,,,,UBBPg3a,
BJM0008,,,,,UBBPg3a,
VSA0007,,,,,UBBPg3a,
VSA0003,,,,,UBBPg3a,
PNA0012,,,,,UBBPg3a,
TSA0075,,,,,UBBPg3a,
TSA0098,,,,,UBBPg3a,
TSA0009,,,,,UBBPg3a,
PNA0014,,,,,UBBPg3a,
NTL0085,,,,,UBBPg3a,
TSA0037,,,,,UBBPg3a,
BNN0001,,,,,UBBPg3a,
BNN0002,,,,,UBBPg3a,
JPA0080,,,,,UBBPg3a,
AIN0004,,,,,UBBPg2c,
TMN0001,,,,,UBBPg3a,
GBI0004,,,,,UBBPg3a,
VSA0006,,,,,UBBPg3a,
TSA0103,,,,,UBBPg3a,
SZC0009,,,,,UBBPg3a,
TSA0097,,,,,UBBPg3a,
DPIP0003,,,,,UBBPg2c,
TSA0096,,,,,UBBPg3a,
GRN0004,,,,,UBBPg2c,
NTL0037,,,,,UBBPg3a,
PIL0003,,,,,UBBPg2c,
TSA0049,,,,,UBBPg3a,
JPA0095,,,,,UBBPg2c,
CBD0012,,,,,UBBPg3a,
GVT0008,,,,,UBBPg2c,
CAY0004,,,,,UBBPg3b,
GBI0003,,,,,UBBPg3a,
GVT0003,,,,,UBBPg3a,
TSA0042,,,,,UBBPg3a,
SZC0003,,,,,UBBPg3a,
TMN0016,,,,,UBBPg3a,
TSA0006,,,,,UBBPg3a,
PFR0004,,,,,UBBPg2c,
CZD0001,,,,,UBBPg3a,
TSA0048,,,,,UBBPg3a,
MEN0002,,,,,UBBPg3a,
SXX0001,,,,,UBBPg2c,
NTL0084,,,,,UBBPg3a,
GVT0004,,,,,UBBPg3a,
TSA0115,,,,,UBBPg3a,
BNN0003,,,,,UBBPg2c,
PNA0004,,,,,UBBPg3a,
VSA0013,,,,,UBBPg2c,
TSA0002,,,,,UBBPg3a,
SZC0013,,,,,UBBPg3a,
TSA0007,,,,,UBBPg3a,
PNA0015,,,,,UBBPg3a,
FRS0001,,,,,UBBPg3a,
MEN0005,,,,,UBBPg3a,
JPA0103,,,,,UBBPg3a,
TSA0036,,,,,UBBPg3a,
PNA0017,,,,,UBBPg3a,
JPA0009,,,,,UBBPg3a,
TSA0104,,,,,UBBPg3a,
JPA0023,,,,,UBBPg3a,
JPA0017,,,,,UBBPg3a,
ICO0010,,,,,UBBPg2c,
MRO0014,,,,,UBBPg3a,
SZC0005,,,,,UBBPg2c,
MHW0002,,,,,UBBPg2c,
SUB0002,,,,,UBBPg2c,
PAF0005,,,,,UBBPg3a,
TMN0013,,,,,UBBPg3a,
TSA0117,,,,,UBBPg3a,
OLF0002,,,,,UBBPg2c,
SZC0006,,,,,UBBPg3a,
RDC0005,,,,,UBBPg2c,
SOL0022,,,,,UBBPg3a,
TSA0003,,,,,UBBPg3a,
TSA0111,,,,,UBBPg3a,
GVT0009,,,,,UBBPg3a,
GBI0002,,,,,UBBPg3a,
GVT0007,,,,,UBBPg2c,
SLZ0001,,,,,UBBPg3a,
ACV0008,,,,,UBBPg3a,
SZC0014,,,,,UBBPg3a,
TSA0004,,,,,UBBPg3a,
PQE0001,,,,,UBBPg3a,
TSA0008,,,,,UBBPg3a,
TSA0069,,,,,UBBPg3a,
DGA0001,,,,,UBBPg3a,
TSA0112,,,,,UBBPg3a,
CZD0002,,,,,UBBPg2c,
TSA0029,,,,,UBBPg3a,
TSA0014,,,,,UBBPg3a,
TSA0055,,,,,UBBPg3a,
TSA0051,,,,,UBBPg3a,
CGE0021,,,,,UBBPg3a,
GVT0002,,,,,UBBPg3a,
SGI0002,,,,,UBBPg3a,
IPU0004,,,,,UBBPg2c,
GBI0007,,,,,UBBPg2c,
TSA0109,,,,,UBBPg3a,
TSA0039,,,,,UBBPg3a,
CUD0001,,,,,UBBPg3a,
TMN0009,,,,,UBBPg3a,
VSA0011,,,,,UBBPg3a,
ACU0005,,,,,UBBPg2c,
PQE0004,,,,,UBBPg3a,
CRU0034,,,,,UBBPg3a,
CHD0001,,,,,UBBPg3a,
GVT0006,,,,,UBBPg3a,
TSA0040,,,,,UBBPg3a,
BJM0006,,,,,UBBPg3a,
TSA0062,,,,,UBBPg3a,
CRU0005,,,,,UBBPg3a,
FBO0003,,,,,UBBPg2c,
SLZ0002,,,,,UBBPg3a,
BGB0001,,,,,UBBPg3a,
QXA0008,,,,,UBBPg2c,
JPA0016,,,,,UBBPg3a,
TMN0012,,,,,UBBPg3a,
LSR0001,,,,,UBBPg3a,
LSR0002,,,,,UBBPg3a,
ECT0003,,,,,UBBPg2c,
JGN0006,,,,,UBBPg2c,
JPA0045,,,,,UBBPg3a,
CBD0009,,,,,UBBPg3a,
VZG0006,,,,,UBBPg2c,
BJS0004,,,UBBPg2c,,UBBPg2c,
BJS0005,,,,,UBBPg2c,
TSA0102,,,,,UBBPg3a,
TSA0056,,,,,UBBPg3a,
ACA0001,,,,,UBBPg3b,
TSA0057,,,,,UBBPg3a,
TSA0118,,,,,UBBPg3a,
NTL0082,,,,,UBBPg3a,
NTL0059,,,,,UBBPg3a,
FLA0057,,,,,UBBPg3a,
TSA0087,,,,,UBBPg3a,
FLA0143,,,,,UBBPg3a,
PDB0002,,,,,UBBPg2c,
TTA0005,,,,,UBBPg3a,
MBC0004,,,,,UBBPg2c,
JAT0002,,,,,UBBPg2c,
TSA0095,,,,,UBBPg3a,
CBD0008,,,,,UBBPg3a,
TSA0083,,,,,UBBPg3a,
ICP0003,,,,,UBBPg3a,
TSA0053,,,,,UBBPg3a,
PNA0003,,,,,UBBPg3a,
JRO0003,,,,,UBBPg2c,
SIT0001,,,,,UBBPg3a,
SIT0002,,,,,UBBPg3a,
JRO0001,,,,,UBBPg3a,
PNA0016,,,,,UBBPg3a,
PQE0003,,,,,UBBPg3a,
ICO0007,,,,,UBBPg2c,
VZG0005,,,,,UBBPg2c,
JUO0012,,,,,UBBPg3a,
JAT0003,,,,,UBBPg2c,
ESO0002,,,,,UBBPg2c,
TSA0081,,,,,UBBPg3a,
TSA0063,,,,,UBBPg3a,
UBJ0008,,,,,UBBPg2c,
MSS0003,,,,,UBBPg2c,
PUU0005,,,,,UBBPg2c,
NTL0042,,,,,UBBPg3a,
TSA0071,,,,,UBBPg3a,
TSA0058,,,,,UBBPg3a,
TSA0061,,,,,UBBPg3a,
BRK0002,,,,,UBBPg2c,
UBJ0007,,,,,UBBPg2c,
TSA0043,,,,,UBBPg3a,
TSA0024,,,,,UBBPg3a,
MGS0005,,,,,UBBPg2c,
TSA0086,,,,,UBBPg3a,
TSA0123,,,,,UBBPg2c,
TSA0054,,,,,UBBPg3a,
AQZ0011,,,,,UBBPg2c,
ACV0003,,,,,UBBPg3a,
CWX0003,,,,,UBBPg3a,
TSA0084,,,,,UBBPg3a,
SAU0004,,,,,UBBPg2c,
AUS0002,,,,,UBBPg3a,
CATR0002,,,,,UBBPg2c,
AAU0008,,,,,UBBPg3a,
TSA0041,,,,,UBBPg3a,
CIE0007,,,,,UBBPg2c,
SOP0004,,,,,UBBPg2c,
PFR0007,,,,,UBBPg2c,
TSA0032,,,,,UBBPg3a,
TSA0064,,,,,UBBPg3a,
TSA0044,,,,,UBBPg3a,
PTA0001,,,,,UBBPg3a,
TSA0019,,,,,UBBPg3a,
CTS0017,,,,,UBBPg2c,
PTA0013,,,,,UBBPg3a,
TSA0107,,,,,UBBPg3a,
ICA0003,,,,,UBBPg2c,
TSA0060,,,,,UBBPg3a,
CGE0038,,,,,UBBPg3a,
PTA0004,,,,,UBBPg3a,
IJD0004,,,,,UBBPg2c,
PTA0017,,,,,UBBPg3a,
PTA0011,,,,,UBBPg3a,
PTA0024,,,,,UBBPg3a,
VSA0008,,,,,UBBPg3a,
VSA0004,,,,,UBBPg3a,
PTA0012,,,,,UBBPg3a,
BTT0007,,,,,UBBPg2c,
GSS0005,,,,,UBBPg2c,
GSS0004,,,,,UBBPg2c,
ACR0005,,,,,UBBPg2c,
PTA0026,,,,,UBBPg3b,
GUS0002,,,,,UBBPg3a,
TSA0067,,,,,UBBPg3a,
JUO0003,,,,,UBBPg3a,
PWM0010,,,,,UBBPg3a,
NTL0041,,,,,UBBPg3a,
PTA0036,,,,,UBBPg3a,
TSA0052,,,,,UBBPg3a,
CGE0010,,,,,UBBPg3a,
PTA0016,,,,,UBBPg3a,
PTA0015,,,,,UBBPg3a,
GUS0003,,,,,UBBPg3a,
JUO0005,,,,,UBBPg3a,
PTA0035,,,,,UBBPg3a,
CEA0002,,,,,UBBPg2c,
PTA0020,,,,,UBBPg3a,
MAC0004,,,,,UBBPg2c,
JUO0020,,,,,UBBPg3a,
MDR0003,,,,,UBBPg2c,
TMN0020,,,,,UBBPg3a,
TSA0133,,,,,UBBPg2c,
JUO0006,,,,,UBBPg3a,
PTA0023,,,,,UBBPg3a,
PDU0006,,,,,UBBPg2c,
MHD0001,,,,,UBBPg3a,
TSA0129,,,,,UBBPg2c,
PTA0002,,,,,UBBPg3a,
HDA0002,,,,,UBBPg2c,
SHD0001,,,,,UBBPg3a,
MHD0004,,,,,UBBPg3a,
LNT0009,,,,,UBBPg2c,
FLA0108,,,,,UBBPg3a,
OLNM0002,,,,,UBBPg2c,
VNA0005,,,,,UBBPg2c,
MDR0004,,,,,UBBPg2c,
AMAU0003,,,,,UBBPg2c,
OLNM0003,,,,,UBBPg2c,
PDU0007,,,,,UBBPg2c,
SRRN0002,,,,,UBBPg2c,
OLNM0004,,,,,UBBPg2c,
VNA0006,,,,,UBBPg2c,
JUO0019,,,,,UBBPg3a,
PTA0037,,,,,UBBPg2c,
GUS0015,,,,,UBBPg3a,
TTM0007,,,,,UBBPg2c,
PDU0008,,,,,UBBPg2c,
TSA0046,,,,,UBBPg3a,
MVA0005,,,,,UBBPg2c,
JUO0011,,,,,UBBPg3a,
CGE0013,,,,,UBBPg3a,
QXE0005,,,,,UBBPg2c,
TSA0070,,,,,UBBPg3a,
TSA0114,,,,,UBBPg3a,
JUO0010,,,,,UBBPg3a,
GUS0016,,,,,UBBPg3a,
AQZ0015,,,,,UBBPg2c,
TSA0018,,,,,UBBPg3a,
JUO0007,,,,,UBBPg3a,
JUO0004,,,,,UBBPg3a,
TSA0108,,,,,UBBPg3a,
TSA0125,,,,,UBBPg2c,
TSA0059,,,,,UBBPg3a,
MRT0002,,,,,UBBPg3a,
ATO0004,,,,,UBBPg2c,
PHE0008,,,,,UBBPg2c,
MVA0008,,,,,UBBPg2c,
BEX0006,,,,,UBBPg3a,
TTA0001,,,,,UBBPg3a,
PTA0009,,,,,UBBPg3a,
PTA0010,,,,,UBBPg3a,
MCO0049,,,,,UBBPg3a,
TSA0132,,,,,UBBPg2c,
MVA0009,,,,,UBBPg2c,
CAY0016,,,,,UBBPg2c,
CRN0005,,,,,UBBPg2c,
TSA0065,,,,,UBBPg3a,
TSA0128,,,,,UBBPg2c,
MVA0007,,,,,UBBPg2c,
RUS0010,,,,,UBBPg2c,
MVA0006,,,,,UBBPg2c,
TTA0004,,,,,UBBPg3a,
JUO0013,,,,,UBBPg3a,
PTA0032,,,,,UBBPg3a,
SARH0003,,,,,UBBPg2c,
CIE0008,,,,,UBBPg2c,
TTA0002,,,,,UBBPg3a,
CTS0016,,,,,UBBPg2c,
MVA0010,,,,,UBBPg2c,
JUO0009,,,,,UBBPg3a,
SCF0003,,,,,UBBPg2c,
MUE0017,,,,,UBBPg2c,
GSS0003,,,,,UBBPg2c,
CRN0004,,,,,UBBPg2c,
LNT0010,,,,,UBBPg2c,
CVL0010,,,,,UBBPg2c,
TSA0005,,,,,UBBPg3a,
ATO0005,,,,,UBBPg2c,
ALN0007,,,,,UBBPg2c,
LNT0005,,,,,UBBPg2c,
PDZ0006,,,,,UBBPg2c,
ICO0012,,,,,UBBPg2c,
OCN0002,,,,,UBBPg2c,
PRP0003,,,,,UBBPg2c,
CGE0006,,,,,UBBPg3a,
GUS0018,,,,,UBBPg2c,
RUS0007,,,,,UBBPg2c,
MCO0030,,,,,UBBPg3a,
MCO0040,,,,,UBBPg3a,
TNT0005,,,,,UBBPg2c,
SCF0004,,,,,UBBPg2c,
TBB0007,,,,,UBBPg2c,
SXX0002,,,,,UBBPg2c,
IGE0006,,,,,UBBPg2c,
ALN0008,,,,,UBBPg2c,
PHE0009,,,,,UBBPg2c,
ICO0003,,,,,UBBPg2c,
PNA0020,,,,,UBBPg2c,
LAT0007,,,,,UBBPg2c,
SENC0003,,,,,UBBPg2c,
GUS0012,,,,,UBBPg3a,
TSA0089,,,,,UBBPg3a,
MHD0008,,,,,UBBPg3a,
IOP0013,,,,,UBBPg2c,
SOZ0002,,,,,UBBPg2c,
SRI0016,,,,,UBBPg3a,
CID0002,,,,,UBBPg2c,
PJS0008,,,,,UBBPg2c,
NRU0005,,,,,UBBPg2c,
TBL0004,,,,,UBBPg2c,
ABC0006-ABC0007,,,UBBPg2a,,UBBPg2c,
SHE0005,,,,,UBBPg2c,
SAU0002,,,,,UBBPg2c,
MUE0016,,,,,UBBPg3a,
NID0002,,,,,UBBPg2c,
CGE0004,,,,,UBBPg3a,
CUD0004,,,,,UBBPg2c,
MCI0015,,,,,UBBPg2c,
TIG0011,,,,,UBBPg2c,
BRN0008,,,,,UBBPg2c,
CRU0003,,,,,UBBPg3a,
MUE0008,,,,,UBBPg2c,
NTL0079,,,,,UBBPg3a,
JPA0066,,,,,UBBPg3a,
BIL0002,,,,,UBBPg2c,
BNN0006,,,,,UBBPg2c,
MGX0002,,,,,UBBPg3b,
PQT0003,,,,,UBBPg2c,
IAU0017-IAU0018,,,UBBPg2c,,UBBPg3a,
MCI0016,,,,,UBBPg2c,
FML0003,,,,,UBBPg2c,
TIG0012,,,,,UBBPg2c,
TSA0130,,,,,UBBPg2c,
PVO0002,,,,,UBBPg2c,
SZR0001,,,,,UBBPg2c,
TSA0066,,,,,UBBPg3a,
SXQ0001,,,,,UBBPg3a,
SLV0001,,,,,UBBPg2c,
MCO0006,,,,,UBBPg3a,
TZG0002,,,,,UBBPg3b,
TIG0009,,,,,UBBPg2c,
PES0004,,,,,UBBPg2c,
SXQ0003,,,,,UBBPg2c,
CRBT0001,,,,,UBBPg2c,
CTS0018,,,,,UBBPg2c,
ABC0004,,,,,UBBPg2c,
JIS0001,,,,,UBBPg3a,
CVL0011,,,,,UBBPg2c,
GNJ0004,,,,,UBBPg2c,
JAC0002,,,,,UBBPg2c,
SGQ0002,,,,,UBBPg2c,
SGM0022,,,,,UBBPg2c,
TSA0127,,,,,UBBPg2c,
TTA0003,,,,,UBBPg3a,
BNBT0001,,,,,UBBPg2c,
ESB0010,,,,,UBBPg3a,
JPA0065,,,,,UBBPg3a,
CHOO0002,,,,,UBBPg2c,
BBB0019,,,,,UBBPg2c,
PWN0001,,,,,UBBPg2c,
ALX0005,,,UBBPg2c,,UBBPg3b,
AUA0009,,,,,UBBPg3a,
GUS0011,,,,,UBBPg3a,
JUO0017,,,,,UBBPg3a,
IGE0005,,,,,UBBPg2c,
IAGA0005,,,,,UBBPg3a,
BOO0002,,,,,UBBPg2c,
CRU0002,,,,,UBBPg3a,
RUS0011,,,,,UBBPg2c,
SWV0001,,,,,UBBPg2c,
PODA0001,,,,,UBBPg2c,
AHA0003,,,,,UBBPg2c,
JUO0002,,,,,UBBPg3a,
SWR0002,,,,,UBBPg2c,
LNT0011,,,,,UBBPg2c,
PTA0008,,,,,UBBPg3a,
MCO0003,,,,,UBBPg3a,
AEI0003,,,,,UBBPg2c,
SRI0004,,,,,UBBPg3b,
ACU0008,,,,,UBBPg2c,
TRIU0001,,,,,UBBPg2c,
SBT0001,,,,,UBBPg3a,
PUB0010,,,,,UBBPg3a,
GUS0007,,,,,UBBPg3a,
SZC0004,,,,,UBBPg3a,
PUB0009,,,,,UBBPg3a,
GNJ0006,,,,,UBBPg2c,
GUS0004,,,,,UBBPg3a,
VRZ0002,,,,,UBBPg2c,
JUO0014,,,,,UBBPg3a,
BBB0020,,,,,UBBPg2c,
GUS0014,,,,,UBBPg3a,
FLF0001,,,,,UBBPg2c,
MHD0009,,,,,UBBPg3a,
CRU0019,,,,,UBBPg3b,
QXA0010,,,,,UBBPg2c,
PUB0011,,,,,UBBPg3a,
SQM0002,,,,,UBBPg2c,
PTA0047,,,,,UBBPg2c,
PNA0010,,,,,UBBPg3a,
PTA0043,,,,,UBBPg2c,
PTA0048,,,,,UBBPg2c,
PAW0001,,,,,UBBPg2c,
GUS0013,,,,,UBBPg3a,
UBJ0010,,,,,UBBPg2c,
BNN0005,,,,,UBBPg2c,
CZS0009,,,,,UBBPg2c,
CID0003,,,,,UBBPg2c,
RRB0003,,,,,UBBPg2c,
PWN0002,,,,,UBBPg2c,
PTA0022,,,,,UBBPg3a,
JUO0001,,,,,UBBPg3a,
MHD0007,,,,,UBBPg3a,
BCZ0005,,,,,UBBPg2c,
BNN0004,,,,,UBBPg2c,
PBL0001,,,,,UBBPg3a,
CRU0033,,,,,UBBPg3a,
JPA0083,,,,,UBBPg3a,
ICO0016,,,,,UBBPg2c,
STH0001,,,,,UBBPg2c,
TJU0002,,,,,UBBPg2c,
TAI0004,,,,,UBBPg2c,
JPA0024,,,,,UBBPg3a,
LIO0006,,,,,UBBPg2c,
MHD0005,,,,,UBBPg3a,
IMI0002,,,,,UBBPg2c,
SBCZ0001,,,,,UBBPg2c,
TSA0124,,,,,UBBPg2c,
ALF0002,,,,,UBBPg2c,
STN0012,,,,,UBBPg2c,
CIB0002,,,,,UBBPg2c,
CEA0003,,,,,UBBPg2c,
ICO0013,,,,,UBBPg2c,
VTS0003,,,,,UBBPg2c,
PHN0002,,,,,UBBPg2c,
MCO0068,,,,,UBBPg3a,
FLA0136,,,,,UBBPg3a,
SUU0007,,,,,UBBPg2c,
MIPA0003,,,,,UBBPg2c,
RHM0002,,,,,UBBPg2c,
AEI0002,,,,,UBBPg2c,
CAPI0002,,,,,UBBPg2c,
AAN0002,,,,,UBBPg2c,
FML0002,,,,,UBBPg2c,
INT0011,,,,,UBBPg2c,
GUS0001,,,,,UBBPg3a,
CZH0006,,,,,UBBPg2c,
MHO0004,,,,,UBBPg2c,
JUO0015,,,,,UBBPg3a,
INT0012,,,,,UBBPg2c,
CSR0002,,,,,UBBPg2c,
PTA0049-PTA0040,,,UBBPg2c,,UBBPg2c,
GNL0002,,,,,UBBPg2c,
MHR0004-MHR0003,,,UBBPg2a,,UBBPg2c,
PTA0046,,,,,UBBPg3a,
MEN0001,,,,,UBBPg3a,
EXZ0010,,,,,UBBPg2c,
MCO0025,,,,,UBBPg3a,
CSR0003,,,,,UBBPg2c,
MCO0021,,,,,UBBPg3a,
SRI0019,,,,,UBBPg3a,
DGA0007,,,,,UBBPg2c,
MCO0026,,,,,UBBPg3a,
LSR0004,,,,,UBBPg2c,
BFA0002,,,,,UBBPg2c,
CUTM0002,,,,,UBBPg2c,
MCO0035,,,,,UBBPg3a,
PUB0012,,,,,UBBPg3a,
MDX0002,,,,,UBBPg2a,
TGO0001,,,,,UBBPg2c,
MBC0009,,,,,UBBPg2a,
PTA0021,,,,,UBBPg3a,
LGN0004,,,,,UBBPg2a,
SCZ0001,,,,,UBBPg3a,
CUCI0002,,,,,UBBPg2c,
TNT0003,,,,,UBBPg2c,
VSA0012,,,,,UBBPg3a,
DGA0006,,,,,UBBPg2c,
CIE0011,,,,,UBBPg2c,
CTO0001,,,,,UBBPg3a,
CIC0010,,,,,UBBPg2a,
PTA0003,,,,,UBBPg3a,
LSR0003,,,,,UBBPg3a,
SLV0002,,,,,UBBPg2c,
JDM0004,,,,,UBBPg2a,
MCO0072,,,,,UBBPg3a,
SZC0015,,,,,UBBPg2c,
FLA0217,,,,,UBBPg3a,
GCA0002,,,,,UBBPg2c,
PTA0018,,,,,UBBPg3a,
MCO0051,,,,,UBBPg3a,
JDM0005,,,,,UBBPg2a,
PES0005,,,,,UBBPg3a,
CAY0012,,,,,UBBPg3a,
MCO0039,,,,,UBBPg3a,
PAB0002,,,,,UBBPg2c,
TTN0003,,,,,UBBPg2c,
CRU0015,,,,,UBBPg3a,
IDA0003,,,,,UBBPg3a,
SGM0021,,,,,UBBPg2c,
CUC0045,,,,,UBBPg2a,
SLM0002,,,,,UBBPg2c,
TTN0004,,,,,UBBPg2c,
URM0002,,,,,UBBPg2c,
UIO0005,,,,,UBBPg2c,
SZC0011,,,,,UBBPg3a,
QXM0013,,,,,UBBPg2c,
SZC0008,,,,,UBBPg3a,
SGM0017,,,,,UBBPg3a,
AIR0017,,,,,UBBPg3a,
SZC0010,,,,,UBBPg2a,
MCO0111,,,,,UBBPg3a,
PUB0006,,,,,UBBPg2c,
MCO0100,,,,,UBBPg3a,
MCO0087,,,,,UBBPg3a,
CGE0015,,,,,UBBPg3a,
CNB0003,,,,,UBBPg2c,
MCX0002,,,,,UBBPg2c,
JPA0104,,,UBBPg2a,,UBBPg3a,
VRZ0003,,,,,UBBPg2c,
PFN0004,,,,,UBBPg2c,
PCZ0008,,,,,UBBPg2c,
PUB0005,,,,,UBBPg3a,
CHR0001,,,,,UBBPg2c,
CIE0010,,,,,UBBPg2c,
FCC0002,,,,,UBBPg2c,
PTA0025,,,,,UBBPg3a,
JPA0078,,,,,UBBPg3a,
CUC0046,,,,,UBBPg3a,
CGDP0002,,,,,UBBPg2c,
CRU0042,,,,,UBBPg2a,
JPA0047,,,,,UBBPg3a,
JDO0001,,,,,UBBPg2c,
GVT0012,,,,,UBBPg2c,
TMN0011,,,,,UBBPg3a,
CRU0043,,,,,UBBPg2c,
PTA0005,,,,,UBBPg3a,
SCI0001,,,,,UBBPg3a,
NTL0035,,,,,UBBPg3a,
JUO0023,,,,,UBBPg2a,
SSB0002,,,,,UBBPg2c,
TSA0126,,,,,UBBPg2c,
CPZL0003,,,,,UBBPg2a,
BED0003,,,,,UBBPg2a,
ESS0003,,,,,UBBPg2a,
CASI0002,,,,,UBBPg2c,
BJH0004,,,,,UBBPg2a,
SUO0003,,,,,UBBPg2c,
THU0003,,,,,UBBPg2a,
BJH0003,,,,,UBBPg2a,
PBU0002,,,,,UBBPg2c,
CCK0003,,,,,UBBPg2a,
TSA0120,,,,,UBBPg3a,
PIL0004,,,,,UBBPg2a,
